{
  "classes":19,
  "label2train":[
    [13, 0],
    [24, 0],
    [41, 0],
    [2, 1],
    [15, 1],
    [17, 2],
    [6, 3],
    [3, 4],
    [45, 5],
    [47, 5],
    [48, 6],
    [50, 7],
    [30, 8],
    [29, 9],
    [27, 10],
    [19, 11],
    [20, 12],
    [21, 12],
    [22, 12],
    [55, 13],
    [61, 14],
    [54, 15],
    [58, 16],
    [57, 17],
    [52, 18],
    [-1, 255]],
  "label":[
    "road",
    "sidewalk",
    "building",
    "wall",
    "fence",
    "pole",
    "light",
    "sign",
    "vegetation",
    "terrain",
    "sky",
    "person",
    "rider",
    "car",
    "truck",
    "bus",
    "train",
    "motocycle",
    "bicycle"],
  "palette":[
    [128,64,128],
    [244,35,232],
    [70,70,70],
    [102,102,156],
    [190,153,153],
    [153,153,153],
    [250,170,30],
    [220,220,0],
    [107,142,35],
    [152,251,152],
    [70,130,180],
    [220,20,60],
    [255,0,0],
    [0,0,142],
    [0,0,70],
    [0,60,100],
    [0,80,100],
    [0,0,230],
    [119,11,32],
    [0,0,0]],
  "mean":[
    73.158359210711552,
    82.908917542625858,
    72.392398761941593],
  "std":[
    47.675755341814678,
    48.494214368814916,
    47.736546325441594]
}